#{"t_start": 1766596701.300799, "env_id": "CustomHopper-source-v0"}
r,l,t
6.182949,10,0.417981
19.812283,20,0.421809
6.221811,15,0.424314
10.649055,26,0.431858
30.229063,27,0.437479
10.156801,13,0.439817
6.910646,11,0.441616
4.925587,11,0.4434
30.830976,38,0.449885
23.220097,22,0.453504
10.212997,14,0.455954
3.988971,9,0.457437
7.678175,21,0.460895
5.559552,12,0.463014
21.201567,23,0.466778
5.775346,12,0.468641
9.078961,12,0.470444
7.002558,11,0.472317
5.033459,17,0.475073
1.950373,13,0.477195
63.600777,43,0.484095
38.110241,31,0.489125
6.334853,14,0.491447
4.238725,16,0.494044
7.967657,27,0.498619
13.771708,15,0.501063
4.148635,11,0.502836
9.364822,25,0.507081
11.119524,16,0.509794
6.715334,10,0.511342
7.721174,13,0.515751
12.584817,24,0.520545
8.780981,12,0.522665
4.332803,15,0.525175
5.745629,13,0.527208
17.597716,19,0.530366
29.188841,27,0.534917
9.15252,24,0.538834
17.687653,21,0.542266
5.161664,10,0.543782
4.632498,10,0.545384
13.093834,14,0.547547
6.65852,17,0.550313
3.16776,11,0.552074
22.363096,19,0.5552
15.647855,18,0.55808
12.127985,15,0.560412
9.359337,19,0.563508
52.456581,68,0.574551
26.988146,26,0.578775
6.53028,36,0.584644
7.506781,13,0.586673
8.661611,11,0.588459
8.389761,12,0.590309
15.192531,17,0.593125
14.511336,21,0.596505
25.18964,32,0.601745
9.017801,12,0.603618
35.626054,30,0.608453
3.936566,22,0.611936
62.038064,49,0.621744
6.265482,10,0.624101
28.073675,30,0.628837
8.274987,36,0.634739
14.631556,18,0.637553
5.763721,9,0.639317
5.53378,11,0.641122
9.429393,13,0.643059
12.580743,24,0.646988
6.39215,38,0.652983
11.275876,16,0.655552
6.249781,12,0.65739
6.842488,13,0.659453
11.430863,28,0.663966
11.787793,19,0.667013
9.224164,16,0.669557
6.396234,10,0.671089
4.985253,10,0.672604
23.018675,23,0.676284
4.904873,9,0.677679
93.286479,60,0.686986
6.465121,12,0.688869
7.629479,21,0.69219
61.801888,43,0.698824
5.540277,9,0.700176
13.989608,20,0.703303
5.537094,10,0.704801
6.37204,15,0.707209
8.847605,12,0.709117
18.218689,25,0.713158
29.294817,28,0.717703
4.349132,9,0.719175
12.464798,21,0.725341
10.649081,16,0.727957
8.035918,16,0.730701
7.208825,11,0.732415
6.276738,12,0.734342
12.0757,33,0.739841
8.530064,12,0.74171
11.831517,21,0.745181
11.87776,16,0.747854
9.021357,13,0.749836
9.453267,20,0.753037
8.836627,24,0.75685
75.849243,43,1.172316
8.975076,13,1.174441
104.632559,64,1.18518
22.942154,25,1.189387
37.352532,57,1.199109
25.551018,31,1.204147
47.262328,27,1.208532
15.198932,27,1.212957
53.101252,41,1.219767
24.293559,34,1.225301
56.444008,41,1.232831
46.01694,49,1.249048
21.679421,23,1.253701
9.628021,13,1.256119
34.580139,33,1.261623
13.801937,15,1.264232
10.161931,13,1.268891
6.068621,10,1.279236
72.250042,48,1.288121
10.418416,30,1.293063
11.193723,15,1.295434
12.283207,15,1.297854
3.11767,10,1.299458
9.934127,12,1.301444
18.167303,25,1.305665
83.273654,48,1.313423
78.430184,45,1.320646
5.300015,17,1.323478
11.919957,20,1.326711
1.180315,11,1.328472
22.892348,25,1.332707
32.29392,34,1.338266
6.463876,11,1.339992
12.99073,19,1.342991
132.203552,90,1.360391
27.771092,24,1.36448
66.377607,43,1.371417
5.10109,11,1.373159
4.344057,12,1.375043
6.111778,12,1.376883
12.339204,20,1.380113
17.837248,21,1.383511
8.357221,14,1.385808
8.00958,24,1.389665
12.012241,27,1.393954
20.634561,23,1.397701
57.872222,41,1.404368
9.212809,25,1.408519
7.89445,14,1.410893
7.072832,22,1.414491
10.800323,18,1.417452
63.677889,51,1.425939
11.769347,19,1.429248
33.808768,26,1.434248
8.446275,17,1.437539
14.16419,17,1.44033
6.324774,12,1.442284
37.771869,31,1.447463
27.989813,31,1.452434
12.060166,16,1.456697
65.563291,46,1.465314
5.198023,14,1.467658
33.630598,32,1.472926
15.8688,27,1.477269
72.230294,47,1.484899
64.712031,48,1.492722
61.174616,39,1.498905
5.878037,9,1.500307
20.095872,19,1.503426
9.88242,14,1.505719
77.324757,45,1.512794
12.333751,15,1.515211
33.554543,30,1.520132
4.055201,8,1.521417
7.816732,11,1.52307
82.070127,45,1.530134
19.60448,30,1.91199
17.164061,24,1.916168
155.570452,88,1.931077
50.720735,35,1.936768
86.221031,74,1.949018
18.697062,17,1.951826
21.498294,23,1.955539
6.922097,13,1.957605
20.12942,38,1.963976
34.361865,30,1.968831
120.003559,66,1.982172
17.583233,22,1.98582
84.997228,54,1.994795
22.628235,27,1.999276
9.64291,14,2.001563
94.737198,72,2.013198
25.406945,19,2.016223
105.834298,57,2.025129
30.263098,34,2.030768
97.126097,67,2.041757
17.49425,20,2.044946
7.027561,25,2.049128
14.348474,17,2.051953
86.664432,48,2.059305
95.307137,52,2.067248
112.052846,59,2.076624
79.153694,46,2.087098
30.181656,36,2.093182
9.912071,23,2.097004
38.274667,36,2.102903
16.386306,18,2.105755
13.857036,18,2.108551
79.919756,48,2.116273
96.401474,59,2.125683
7.127722,12,2.127578
7.436534,12,2.129493
130.466748,81,2.142682
117.010963,60,2.165076
23.996506,18,2.167987
32.628085,28,2.172427
103.137249,55,2.180899
20.4417,28,2.185377
173.137367,89,2.202638
7.686738,17,2.205482
71.760456,41,2.21211
134.651074,135,2.233961
82.648806,46,2.241545
19.771747,33,2.246833
15.396769,17,2.249663
85.885138,49,2.257538
73.917467,47,2.638874
147.877675,84,2.652645
232.511438,122,2.672559
71.416034,52,2.680808
82.341334,47,2.688323
68.959832,39,2.694564
112.490933,58,2.703813
210.208651,97,2.722343
106.019453,63,2.732173
48.209616,42,2.738841
170.4848,90,2.752894
14.015,17,2.755625
33.94921,27,2.760148
56.960001,51,2.768367
64.335088,36,2.773968
54.940515,53,2.782436
12.782716,16,2.784942
127.951771,63,2.795368
64.878201,38,2.801498
11.125968,14,2.80376
86.745378,50,2.812049
139.723496,75,2.826922
26.969647,28,2.831838
78.12136,61,2.841723
68.80177,41,2.848509
87.001017,50,2.85646
64.010859,50,2.864485
19.603441,20,2.867698
53.627853,32,2.872768
193.589579,101,2.888549
96.23265,53,2.897165
161.387958,100,2.913552
54.497566,39,2.922902
79.635569,45,2.930387
100.780452,53,2.938853
49.207227,35,2.944258
61.672469,35,2.949737
119.930272,64,2.959998
25.973794,33,2.965302
10.345628,16,2.967889
84.439473,46,2.975364
39.331749,30,3.365124
59.332119,49,3.373411
172.374799,87,3.387709
83.827846,49,3.395839
227.850355,122,3.416291
92.655387,57,3.425603
61.380997,36,3.431605
80.602618,44,3.438718
110.692718,57,3.450687
164.432709,93,3.480828
58.115811,34,3.486416
80.608342,45,3.493557
75.784191,44,3.500555
69.249847,42,3.507427
149.995874,77,3.519928
21.008761,21,3.523352
67.966149,67,3.534254
139.888445,77,3.548495
138.277084,69,3.560995
117.089187,60,3.570742
36.931177,36,3.576724
60.277723,38,3.582697
192.844196,98,3.598294
99.930627,53,3.607077
102.33899,54,3.615637
15.582951,26,3.61991
12.261049,13,3.622083
106.962908,58,3.63148
48.650266,29,3.63619
93.544094,53,3.64462
116.41711,70,3.658504
12.203581,16,3.661171
127.849978,65,3.67185
65.134727,39,3.678147
176.224627,89,3.692451
93.134318,59,3.701934
143.692797,75,3.714051
195.041734,92,4.104091
229.634784,134,4.12586
82.014025,48,4.133656
189.857295,93,4.148335
76.758263,44,4.155411
200.14016,106,4.17265
203.925894,105,4.192239
83.843358,51,4.200263
48.388107,29,4.20487
164.926286,78,4.2172
120.242835,71,4.228154
148.930737,80,4.241317
134.109513,70,4.252647
153.551435,74,4.264503
122.574937,60,4.274165
102.684233,54,4.282783
79.553474,44,4.292806
67.816752,41,4.299413
161.355699,79,4.312012
136.627257,68,4.323274
72.010992,44,4.330145
179.390855,93,4.345233
80.439081,48,4.352767
245.044842,122,4.372573
62.827762,37,4.378614
60.836967,36,4.384466
55.77838,34,4.391558
89.927529,53,4.401078
122.546236,67,4.412041
114.529651,65,4.422583
174.233286,86,4.802854
258.312188,133,4.827603
164.409125,90,4.842666
59.318009,36,4.85108
126.73687,71,4.873135
282.417072,129,4.89451
159.963987,85,4.909052
211.870458,103,4.930072
247.833923,114,4.949742
72.051963,44,4.957076
165.686464,80,4.970145
66.075625,39,4.97694
256.754476,115,4.99625
139.806404,76,5.008863
111.377333,65,5.021247
226.492405,100,5.03932
52.246413,30,5.044483
152.794316,76,5.057123
216.461381,98,5.073209
85.802062,54,5.081823
88.645927,60,5.092039
216.598228,103,5.109091
219.008131,101,5.127506
75.470565,43,5.135572
228.632303,108,5.153172
120.910342,67,5.535361
225.151802,107,5.556393
40.366106,31,5.561425
256.94413,115,5.580059
211.263378,95,5.595989
179.00526,87,5.61006
210.893342,93,5.625055
236.736029,119,5.643773
155.005185,73,5.658471
241.11842,113,5.677338
97.619245,55,5.686401
250.580238,109,5.703595
113.142911,60,5.713315
217.962751,95,5.728451
158.679782,81,5.741451
81.642008,46,5.748839
163.269532,81,5.764554
36.960436,28,5.769152
230.734356,108,5.786209
157.616498,90,5.800891
233.033949,103,5.817566
212.82319,107,5.835165
196.612226,99,5.850474
208.035772,97,5.868629
138.581441,71,6.265987
244.72344,112,6.287246
247.967839,135,6.30989
54.341911,33,6.315161
230.690035,105,6.332393
238.65682,113,6.350931
88.6487,49,6.358719
102.161795,57,6.367837
173.008507,89,6.382113
231.93639,99,6.400991
250.723249,112,6.418908
202.842091,93,6.433528
279.648556,124,6.452763
65.902895,39,6.459203
219.535652,101,6.47563
220.386605,112,6.496457
126.075653,64,6.506683
110.512136,59,6.516151
215.273549,106,6.5333
166.821173,87,6.547151
151.779289,87,6.561303
114.332802,73,6.573074
213.841493,97,6.588528
293.780014,128,6.979199
255.988109,137,7.001619
99.827464,58,7.010969
280.970462,128,7.033966
240.899178,112,7.051867
307.951807,134,7.072774
233.660136,104,7.089415
276.897424,114,7.107871
265.309409,122,7.130077
282.865724,126,7.150415
278.613187,128,7.17085
222.492475,106,7.187655
290.842218,137,7.208997
241.20902,111,7.226468
230.7691,114,7.247308
280.840721,126,7.266924
120.129641,71,7.278213
155.964491,84,7.291573
185.827804,90,7.678842
284.695317,120,7.698319
223.454477,111,7.727925
195.717989,109,7.745571
241.439271,121,7.768107
292.873572,124,7.788145
289.954484,137,7.810206
315.506492,125,7.830117
182.171397,86,7.843826
240.191498,113,7.861694
262.690029,106,7.88141
210.788472,110,7.898913
122.973758,67,7.909583
249.636549,108,7.926991
259.360023,121,7.946154
106.175696,63,7.956272
181.674707,101,7.974896
321.686579,152,7.999228
217.540621,98,8.015085
77.884334,50,8.023382
310.305487,133,8.426482
86.466797,55,8.435166
302.330812,136,8.456916
201.4108,89,8.47108
157.86311,76,8.48301
234.418429,102,8.50224
290.775008,133,8.523899
251.776947,113,8.541572
306.608958,123,8.56156
328.658283,124,8.581079
325.74239,149,8.60733
295.673349,113,8.625631
229.132504,110,8.643273
225.308564,100,8.658949
284.312929,135,8.679513
140.748627,70,8.69031
251.861264,114,8.711014
89.366672,52,8.719389
260.720831,108,8.736218
331.499546,128,9.147435
238.816108,113,9.165343
120.649282,62,9.175285
315.249238,138,9.196701
377.004815,171,9.226017
311.189847,125,9.246156
295.12501,128,9.266107
319.268998,130,9.287094
329.104713,126,9.306916
293.092544,127,9.329801
313.797542,127,9.350031
98.511218,55,9.358839
307.535298,126,9.378409
303.274602,128,9.398179
309.39569,129,9.418589
130.278966,67,9.453228
300.731324,131,9.499621
319.641266,135,9.907253
319.515919,137,9.930177
344.769113,136,9.954067
393.391394,151,9.982153
329.087748,128,10.003285
437.279341,175,10.032425
362.866851,151,10.056074
51.788293,34,10.061434
227.023673,103,10.080979
297.914897,135,10.10388
310.496082,129,10.162937
276.561494,114,10.187404
428.802515,182,10.216419
345.252179,137,10.237867
291.356303,114,10.255769
259.933167,118,10.274835
287.33359,111,10.682491
308.276817,120,10.704972
357.413998,143,10.7287
358.54505,141,10.756239
178.556371,91,10.771418
314.903455,126,10.791418
304.279246,127,10.814763
360.74381,156,10.8398
312.5749,127,10.860359
329.014331,138,10.882887
306.543023,124,10.901754
308.819303,133,10.925344
338.237209,139,10.947271
287.749474,117,10.965572
418.262323,192,10.996045
309.576635,127,11.39456
284.861933,128,11.415474
329.834107,127,11.438939
380.947914,157,11.465611
340.928589,155,11.49075
288.57472,123,11.51032
324.62794,139,11.532057
324.084534,123,11.555008
331.80986,137,11.576787
282.328396,111,11.594566
343.324334,135,11.616196
332.977673,135,11.637654
394.292829,167,11.667541
308.957547,138,11.689991
357.595708,145,11.713255
318.937631,129,12.120202
314.280995,122,12.13983
321.386553,128,12.160614
352.306128,158,12.189163
372.71739,164,12.215535
273.473151,126,12.235626
321.204318,133,12.257381
299.974939,129,12.28032
301.954135,127,12.300583
146.901184,71,12.311842
445.060142,172,12.338751
227.308358,101,12.355241
338.892953,143,12.377654
141.025162,73,12.392535
402.849432,179,12.420432
365.9691,137,12.4417
356.495737,136,12.831048
394.766359,154,12.855515
164.203204,80,12.868996
331.057794,140,12.891699
362.90942,137,12.915876
281.055025,132,12.93684
393.503249,147,12.959755
358.81981,143,12.982621
227.965976,98,12.997892
325.057896,136,13.022755
281.397059,125,13.042586
329.049556,135,13.063991
294.30347,124,13.083832
306.54153,136,13.105229
370.487892,138,13.129659
300.649948,140,13.151562
585.914806,220,13.571339
358.118385,135,13.593229
306.104854,120,13.611878
362.621893,141,13.633862
318.607667,131,13.657597
244.590015,114,13.676339
346.613612,137,13.697969
325.075729,133,13.719675
435.015659,186,13.751504
319.103431,135,13.773569
355.432201,151,13.797726
314.633548,134,13.819391
312.086471,126,13.839522
352.929936,154,13.868273
414.719904,165,14.282941
337.194867,144,14.306043
332.275603,133,14.327093
481.461647,184,14.356814
198.06507,92,14.371798
347.94432,144,14.39727
268.216694,137,14.418901
146.621189,81,14.43153
245.247624,124,14.451489
350.093139,126,14.471477
382.156284,140,14.496325
352.408769,124,14.515845
508.807842,178,14.543289
347.833572,148,14.565939
172.674616,81,14.578834
334.163681,134,14.984889
273.920149,124,15.004497
591.325117,211,15.040932
366.767509,145,15.063575
394.023277,137,15.085217
670.600249,241,15.125624
324.695169,139,15.147577
335.110082,148,15.171396
342.638352,132,15.192403
450.304315,167,15.22152
412.420624,151,15.248228
431.738174,179,15.277138
612.641296,205,15.310549
180.407545,84,15.702173
521.680912,188,15.73203
494.209058,179,15.76349
523.174339,188,15.79372
372.414737,152,15.817289
526.627244,200,15.85088
554.118874,218,15.885505
572.009669,207,15.918117
551.303812,202,15.952373
623.722519,231,15.989194
528.063824,189,16.018529
493.30605,166,16.451337
479.188624,171,16.481321
454.786125,159,16.506527
391.853024,155,16.530484
125.722465,74,16.54192
552.644245,195,16.575566
566.564676,212,16.610244
472.120014,191,16.64166
370.536273,158,16.667847
459.070965,164,16.699099
312.386918,142,16.722667
503.225679,201,16.755956
451.861281,168,17.166574
411.559246,178,17.195687
553.804918,206,17.245766
556.857167,188,17.276624
567.87108,196,17.31079
277.677157,131,17.332043
496.234541,182,17.3617
392.29081,171,17.389145
661.689552,219,17.427307
506.197539,188,17.457171
323.696107,142,17.480224
374.655749,151,17.504218
639.399392,230,17.967747
400.244368,159,17.993358
539.850478,204,18.025266
543.792852,182,18.057489
461.800462,153,18.081541
621.270374,211,18.115097
501.705159,182,18.145855
420.718346,173,18.174498
538.04343,204,18.214898
529.094627,203,18.248729
521.207887,212,18.713294
478.775913,178,18.741504
296.841224,132,18.76208
314.395813,138,18.787031
392.581632,130,18.807689
549.254388,200,18.839772
358.250896,153,18.864116
566.950137,211,18.900701
360.036961,132,18.921362
151.481376,77,18.934002
376.716513,135,18.954874
366.125072,144,18.977219
534.85828,179,19.008541
542.492525,201,19.40596
642.017885,220,19.44375
627.253835,199,19.475159
385.813552,144,19.497653
494.147763,160,19.525387
575.617813,209,19.558482
565.648226,207,19.590713
524.91632,178,19.618747
460.216586,181,19.650139
633.019589,208,19.681719
516.179177,171,19.708457
575.600639,212,20.123064
500.901117,188,20.156027
612.884094,214,20.189949
412.274327,142,20.212227
577.746212,192,20.242579
628.725109,212,20.278893
715.809678,225,20.313849
485.573423,170,20.340364
540.747466,180,20.370682
605.221883,210,20.403613
650.703502,218,20.438182
678.730864,229,20.843339
785.545265,255,20.882697
610.383002,204,20.91773
538.798075,188,20.94803
725.591999,268,20.989109
403.849235,168,21.01843
650.237543,205,21.050458
510.366718,192,21.080668
563.493789,194,21.113699
492.465528,192,21.143622
553.22811,194,21.559243
609.653367,223,21.594079
878.629665,276,21.640566
739.762088,264,21.682777
580.337699,192,21.713085
565.640897,191,21.746162
970.006501,334,21.798002
555.771473,195,21.828222
727.699407,242,22.239441
470.980369,165,22.26927
615.227505,219,22.304571
510.830046,171,22.331565
645.26044,190,22.365137
829.587451,260,22.406526
748.839767,247,22.445858
123.657351,69,22.456418
820.259001,267,22.501512
478.515362,159,22.52631
766.407552,261,22.973103
521.314203,192,23.007637
544.348578,187,23.03745
471.670573,172,23.06472
803.979369,267,23.109537
452.695135,170,23.136194
308.100873,138,23.159466
857.205249,295,23.209441
598.683613,190,23.239895
505.87722,199,23.271056
608.500352,217,23.305307
410.239291,141,23.761154
628.655762,219,23.796169
741.089661,234,23.834411
615.843249,213,23.869429
612.28156,214,23.903249
542.348476,188,23.932865
628.595811,220,23.970725
498.059184,160,23.996559
398.084997,141,24.018462
421.229969,141,24.040336
588.993542,180,24.468638
512.548444,184,24.499983
788.120784,260,24.543328
304.784228,119,24.564975
512.427022,174,24.610778
545.838666,193,24.642433
787.258708,257,24.686718
805.961171,247,24.725456
623.440277,209,24.758525
528.585085,166,24.790778
226.8831,110,24.812577
741.129626,250,25.265536
505.574769,175,25.294114
733.407687,244,25.335837
616.046845,198,25.366909
623.938636,208,25.400283
1098.956365,354,25.479709
747.74088,227,25.519357
616.121408,198,25.55709
724.374251,244,25.597237
812.974951,296,26.080014
648.923363,213,26.115312
668.317377,220,26.152469
469.312506,152,26.17679
490.006266,157,26.201685
464.304584,154,26.226242
801.073495,262,26.288354
581.747591,209,26.320987
605.784359,180,26.348795
554.703827,192,26.382784
753.449605,267,26.825697
783.312448,251,26.866235
630.600425,210,26.908383
508.308702,163,26.934974
568.952158,193,26.966753
627.75043,204,27.002993
829.629435,257,27.043923
281.150192,134,27.065363
687.7557,252,27.116697
589.188872,201,27.164422
634.471148,205,27.600436
355.547736,157,27.628801
376.490688,149,27.654311
714.431068,239,27.697283
550.158035,185,27.72995
714.588208,242,27.769836
672.919815,225,27.805693
486.340925,213,27.848723
184.76334,96,27.866339
653.239537,225,27.902137
655.078389,236,28.33632
768.013593,245,28.385179
792.120872,260,28.427769
891.287329,307,28.479826
710.74507,236,28.519083
407.158926,147,28.544638
714.281265,242,28.587841
608.950952,192,28.61829
919.383799,279,28.664946
679.904942,221,29.529461
500.296964,177,29.560144
620.480913,182,29.589257
550.696609,227,29.628996
825.583548,242,29.667654
825.684531,261,29.708744
602.946546,182,29.740815
940.810555,305,29.788723
820.983584,264,29.833822
775.745263,233,30.260789
857.518266,266,30.302731
1090.640891,346,30.360883
542.300946,165,30.386936
925.761335,272,30.430158
993.870748,311,30.482729
1163.287871,402,30.554795
311.571389,133,30.969417
842.880189,323,31.044556
932.305214,302,31.096323
1087.563487,362,31.158901
543.588183,179,31.192627
572.408822,181,31.222073
876.41709,256,31.267868
701.455041,233,31.309318
834.285638,285,31.769076
390.584981,134,31.792276
1027.041974,324,31.863392
850.874204,252,31.906984
750.210338,266,31.95321
1295.564901,424,32.022269
785.055039,240,32.06198
826.444217,272,32.486009
858.034479,255,32.527259
542.171644,170,32.557561
682.532702,215,32.592281
1381.720847,500,32.679047
707.129953,238,32.718692
154.766575,77,32.730726
644.928075,210,32.777643
658.771505,232,32.817502
826.354621,272,33.243988
822.347272,267,33.289756
994.022075,331,33.342365
817.171462,262,33.387029
884.832095,285,33.432372
1109.324109,326,33.483618
577.269093,194,33.51721
640.87568,202,33.549215
495.994672,156,33.946055
803.037575,252,33.985649
999.435361,309,34.051484
746.37001,259,34.093002
673.995041,211,34.128697
798.798023,244,34.166517
763.908053,245,34.20584
1260.98903,425,34.648955
1132.691324,380,34.719803
239.823763,103,34.737745
798.910467,254,34.784821
749.45887,232,34.82311
1325.660693,453,34.897945
277.852288,109,34.9149
1074.467285,336,34.971487
1285.952668,412,35.453852
1344.958195,423,35.524258
780.492411,246,35.565522
688.910746,215,35.602425
663.143652,211,35.636708
1321.84135,500,35.723576
1066.654892,376,36.197222
959.589323,341,36.256466
1202.175325,457,36.338623
1535.276219,500,36.426655
1180.079522,500,36.509424
965.018841,337,36.978257
674.139517,215,37.014089
752.90889,258,37.057318
619.505233,196,37.090077
1080.627265,373,37.149
638.308486,201,37.184144
918.547494,310,37.236042
1376.037273,500,37.745556
362.570213,133,37.767217
761.978557,242,37.809332
678.15138,228,37.847855
643.795551,211,37.883592
960.211042,341,37.942608
879.195806,261,37.990626
580.511619,192,38.024893
1039.653849,333,38.502551
785.868045,246,38.545309
958.397913,325,38.597371
815.005479,252,38.641817
827.826089,313,38.69194
620.864423,213,38.726053
847.889613,278,38.77838
728.089239,245,38.818586
1394.813153,458,39.277051
865.609949,293,39.324812
1044.945241,326,39.393528
1492.279147,500,39.47539
1132.077014,397,39.539384
624.691456,199,39.943109
1075.310653,329,39.999061
797.832107,259,40.040855
875.81374,299,40.088766
1019.722251,329,40.144229
1339.868927,451,40.21906
1225.697907,396,40.654646
780.815323,261,40.696174
1178.568825,380,40.769052
987.2659,308,40.82147
953.630258,301,40.872234
880.220103,276,40.915506
837.280568,275,40.961654
658.072195,218,41.363443
616.663545,213,41.404386
780.160514,256,41.454205
615.720138,192,41.488126
860.869893,275,41.531049
775.992683,248,41.569716
760.759247,250,41.616421
851.179268,267,41.660678
664.685153,212,41.698037
655.006472,193,42.117361
582.972374,201,42.149372
1412.746153,477,42.229013
643.217298,221,42.264748
984.511327,310,42.317058
655.722564,201,42.348635
909.67944,290,42.395129
1054.27799,326,42.824922
805.512537,261,42.869167
544.256677,195,42.900192
807.673287,256,42.946841
835.808484,293,42.993819
686.88209,210,43.027429
819.666909,262,43.076486
611.817039,194,43.117263
673.65473,238,43.157947
803.402187,258,43.576776
738.51802,254,43.619387
1041.024134,330,43.674541
494.252068,170,43.707141
609.675143,192,43.73876
854.073374,266,43.783228
774.175107,280,43.833334
220.636647,98,43.850525
1422.852874,500,44.348188
612.827574,187,44.378707
652.415304,198,44.409938
515.39642,159,44.438172
1028.316314,327,44.491251
632.279752,192,44.522577
600.019785,192,44.556728
962.201208,295,44.60432
582.903822,180,44.635768
1152.128812,425,45.082263
750.193668,245,45.121536
246.323812,107,45.138358
524.462609,188,45.170976
248.84087,103,45.187725
235.043707,102,45.204276
959.248656,321,45.254336
858.207812,285,45.302191
669.273763,205,45.334573
847.514629,270,45.775421
1145.574183,388,45.84082
804.218404,283,45.888554
1035.972718,339,45.94907
917.890984,285,45.997071
786.055428,259,46.041789
803.791702,277,46.087657
1252.814313,394,46.553758
1146.440732,372,46.613967
207.649963,98,46.629416
865.77873,290,46.681026
995.107482,322,46.734896
630.372738,194,46.769532
1546.862073,500,47.265278
576.92148,178,47.308828
614.976391,191,47.339789
893.000991,337,47.396522
227.72695,103,47.413035
1079.401041,333,47.469758
836.629936,272,47.51773
783.903462,235,47.555501
826.567603,265,47.600009
705.229666,233,48.07745
770.218942,224,48.129142
1342.413503,454,48.201836
1295.961882,411,48.279443
1011.125247,363,48.341625
971.036998,288,48.387805
614.237699,238,48.833381
1350.224863,500,48.932274
518.321988,185,48.965146
784.357523,246,49.004155
1441.989935,500,49.086914
232.645649,104,49.103187
771.221928,270,49.145887
611.406446,193,49.563341
868.939288,273,49.609794
1269.462291,500,49.692761
1125.116599,377,49.774633
1281.03942,431,49.853935
719.847918,231,49.891118
808.142407,259,50.328458
1109.743341,382,50.389781
375.67163,144,50.412962
254.301088,130,50.437005
1205.791906,409,50.509469
794.344069,260,50.568493
675.302918,214,50.605768
800.29632,243,50.648244
191.435453,90,50.663513
732.219356,236,51.104864
934.968173,305,51.160177
1186.86342,409,51.230628
1368.520144,500,51.31714
605.975345,241,51.359507
663.728587,208,51.411089
1144.139507,335,51.86003
1522.93007,500,51.943601
1264.80627,388,52.007486
1377.345775,500,52.087281
1397.061059,500,52.175268
933.510089,284,52.635696
618.120161,188,52.668039
1373.730559,500,52.75413
372.231122,145,52.777968
218.022079,104,52.79513
1261.03862,411,52.862156
824.453032,261,52.907684
1079.022965,314,53.383504
709.598073,261,53.426294
1100.639884,404,53.498049
1356.551919,430,53.572788
889.797453,276,53.619247
1333.255799,426,53.694468
1047.39075,364,54.172741
844.450555,258,54.221175
667.671746,198,54.253238
753.597463,242,54.292684
427.13757,146,54.318891
1290.437542,398,54.38574
1423.523942,458,54.465517
878.656681,281,54.929295
402.396224,157,54.957161
1328.119721,500,55.056716
1349.31053,500,55.136427
1197.517632,500,55.225201
784.124064,259,55.270838
1594.43223,483,55.74366
98.730166,54,55.753447
1545.030846,500,55.837057
197.59711,98,55.852841
398.473711,172,55.880103
1182.567771,366,55.940667
1280.188774,431,56.425214
1288.76757,439,56.511
1362.288914,500,56.597258
965.523972,319,56.65118
1097.047327,353,56.707921
224.713618,106,56.724759
897.472097,281,56.774949
1326.030187,500,57.22838
1172.153004,416,57.296487
595.393594,243,57.339328
1319.459055,500,57.427511
1309.464746,423,57.908239
1221.246319,500,57.991483
1302.400775,500,58.076748
1521.346833,500,58.158707
697.3231,259,58.203001
1220.583688,500,58.68767
1208.444643,437,59.28628
1503.885723,500,59.373873
458.088384,159,59.399944
1107.515203,367,59.466655
1345.247476,438,59.937103
1053.714251,341,59.996458
1259.957138,500,60.081483
1374.924996,500,60.179429
362.701482,158,60.208203
1403.961575,500,60.677995
1212.668404,363,60.740476
931.343079,283,60.787464
1316.431454,500,60.873119
757.443104,289,60.922176
670.619674,211,60.975496
1404.027188,402,61.429487
1500.515358,500,61.513098
742.60522,226,61.554402
1165.06572,351,61.615714
1477.561434,465,61.695186
1280.138269,409,61.762422
1507.46875,482,62.233055
426.374517,162,62.258804
1414.160751,500,62.341528
789.9195,252,62.382765
879.712572,302,62.43453
1343.591184,500,62.93581
1046.406639,345,62.994587
874.090544,283,63.047104
1530.875326,500,63.135353
860.301693,272,63.179988
1480.317045,479,63.259337
1422.376581,440,63.755302
787.79867,230,63.795594
1045.668588,321,63.848098
901.022868,277,63.895923
1354.481636,500,63.983563
949.678001,317,64.035568
1469.528362,500,64.540735
972.178399,311,64.594615
1216.424462,391,64.657924
1624.872734,500,64.741908
1472.816484,449,65.18608
832.611533,262,65.230949
694.287758,240,65.269505
888.240643,278,65.313424
1071.762214,350,65.371451
1444.675777,500,65.454058
826.525315,250,65.493664
942.590493,302,65.946012
1505.394042,490,66.027317
926.664527,278,66.073921
850.500482,250,66.113791
823.631464,254,66.155433
987.844094,316,66.210154
1492.537104,500,66.68241
853.444504,269,66.728362
862.50615,267,66.770397
819.176478,281,66.817088
399.893115,136,66.838513
1163.191818,398,66.901574
763.434822,271,66.948696
1192.343904,361,67.381071
1507.337535,500,67.464112
878.688435,249,67.504331
791.092548,281,67.553105
1469.832703,473,67.629425
1675.567851,500,68.107
604.757824,211,68.141078
919.183919,275,68.187767
799.42062,255,68.228946
930.217661,300,68.279509
1537.547411,500,68.359925
966.947792,320,68.414086
1501.957953,500,68.87393
755.705737,262,68.918254
871.215318,267,68.965891
871.507754,268,69.041344
887.380304,264,69.094323
999.188087,352,69.153109
948.33607,292,69.569406
1048.427589,316,69.620015
1176.323093,363,69.680047
1615.242283,500,69.761724
956.815172,297,69.808631
809.386857,240,69.846718
1374.576979,436,70.314137
847.099635,248,70.352918
1337.902538,407,70.420117
739.498233,228,70.456189
1136.538183,347,70.512886
981.215522,300,70.559974
638.722867,208,70.592499
1103.963307,334,71.01496
868.473333,271,71.06143
723.31417,233,71.09802
965.90811,299,71.147468
1071.946267,332,71.199788
869.830472,269,71.245654
618.123163,203,71.278505
797.502524,247,71.711957
726.355717,233,71.748442
743.730377,250,71.790898
1006.581608,304,71.839664
1108.367568,339,71.900216
1013.996286,321,71.955862
791.089347,245,72.000653
639.852922,219,72.036952
1117.942198,364,72.468668
931.227837,297,72.518815
1254.828146,382,72.579036
1193.091026,375,72.640358
926.179432,289,72.686481
1140.289673,345,72.743238
819.212726,272,73.173825
1116.003183,334,73.226359
1028.629029,312,73.279299
707.767965,222,73.316402
804.068915,244,73.360865
1126.214879,353,73.420572
702.838827,220,73.460522
790.30941,270,73.87453
997.060877,299,73.922562
1092.169024,327,73.976017
1307.315171,390,74.037469
1164.09065,354,74.096777
870.856275,266,74.137948
1408.746205,438,74.589162
1672.544637,497,74.671983
1400.808801,431,74.742734
1481.581763,500,74.82447
1429.897475,442,74.893595
1138.31395,355,75.318874
1378.512322,417,75.387047
844.682295,246,75.425982
1159.777379,376,75.488766
854.904813,256,75.529654
1577.102567,500,75.998115
1028.146425,309,76.048223
1656.018478,500,76.132197
1154.466483,364,76.195357
1571.508827,465,76.270523
1260.28048,383,76.701843
1353.743536,419,76.7713
1611.961264,500,76.852584
1630.641026,500,76.93424
1544.431942,500,77.012874
1408.962044,500,77.47565
1341.832551,440,77.548929
1600.594406,500,77.627424
889.85429,275,77.673463
1666.434995,492,78.118768
1463.593346,450,78.192565
561.264519,178,78.220687
1426.222599,435,78.292874
1422.765819,432,78.359952
921.415717,270,78.405198
861.981126,253,78.828845
1613.614384,500,78.912253
1375.824243,412,78.977431
1537.529035,500,79.058345
1359.437181,436,79.130167
713.130573,217,79.530694
1445.787547,428,79.602824
984.966705,296,79.651672
806.203126,254,79.691894
1527.026238,500,79.773178
1304.874119,407,79.837224
1471.610804,500,80.300521
1579.909538,500,80.379921
1605.874936,500,80.461952
1410.483305,411,80.529648
1423.41766,429,80.96806
1412.715374,454,81.043251
1374.611053,437,81.111235
1014.380846,339,81.168032
937.38457,275,81.21164
1598.520727,462,81.66862
1504.18559,440,81.736591
1063.295389,368,81.797652
852.504154,261,81.83976
906.656035,270,81.886164
867.522059,261,81.92817
1481.725247,443,82.361547
1450.922322,500,82.444022
1400.371522,435,82.515508
1169.220508,352,82.571198
1058.193043,326,82.625505
1476.954215,500,83.089927
1657.007033,500,83.171619
1115.107415,321,83.223179
1095.124015,321,83.276624
877.93381,264,83.318814
1569.998671,500,83.400645
725.372719,225,83.803874
1672.781542,500,83.884617
1345.953327,391,83.945544
1615.847168,500,84.025457
1644.882712,500,84.48161
782.958773,230,84.521183
1209.556365,360,84.57834
1114.774521,322,84.631286
1588.795522,500,84.712825
733.687311,219,84.747162
1066.830664,312,84.795915
1619.622686,500,85.245441
1471.644392,500,85.324641
1455.815263,421,85.394271
1430.120652,445,85.466449
1222.274889,356,85.916196
1530.910989,448,85.98952
1765.339753,500,86.07066
1579.286942,500,86.149467
1117.365064,315,86.201335
1100.749227,307,86.617719
1621.195275,500,86.69894
1465.162715,500,86.781615
1108.437046,310,86.833156
1410.333395,407,86.896674
1579.639658,500,87.360368
1572.124583,500,88.14015
1088.670989,307,88.191561
1521.033105,500,88.269613
1369.321473,385,88.332297
914.769071,274,88.761265
734.990168,208,88.79378
1612.520016,500,88.875539
701.143352,211,88.911601
1530.512472,500,88.9906
1532.154435,500,89.442685
612.60967,191,89.473944
405.452293,139,89.496469
904.443484,258,89.537001
658.030813,198,89.570563
732.524599,211,89.604205
691.016506,202,89.635602
937.348715,269,89.679937
901.150719,263,89.721412
883.08183,250,90.150875
1113.687648,313,90.203028
562.576643,172,90.230332
631.207195,194,90.260657
522.974201,161,90.288784
1005.399291,286,90.333903
594.292083,176,90.361221
806.182086,234,90.40097
587.897412,178,90.429915
907.419749,262,90.470643
918.130777,259,90.878941
896.052911,261,90.924017
838.825557,230,90.95971
690.46993,203,90.990804
1302.42611,424,91.060218
1374.804088,399,91.124949
902.083432,251,91.164785
1018.601319,287,91.596177
661.704895,195,91.62673
919.281602,263,91.671395
899.635838,258,91.712168
1042.953112,294,91.760554
1618.505669,500,91.843113
1016.696796,316,92.261543
686.339381,228,92.300805
1501.911998,500,92.382495
1017.546589,289,92.428017
1740.250844,500,92.509435
779.040867,232,92.545847
1658.025345,500,93.008056
709.979537,238,93.045687
1515.552336,500,93.128505
940.990091,263,93.170169
810.688914,230,93.206588
1105.380879,306,93.257179
686.467841,206,93.289514
1611.027941,457,93.731131
469.754831,155,93.759245
1199.370868,332,93.811906
645.997212,188,93.844593
1713.185363,500,93.923431
879.714238,245,93.964937
1069.436323,309,94.397656
1188.352771,337,94.451232
1573.402783,500,94.533509
1122.924535,318,94.585978
1547.657649,500,94.664456
1556.521766,500,95.115191
1572.020231,500,95.195312
1540.500074,500,95.277401
1614.281169,500,95.359448
1601.122916,500,95.822809
817.765314,241,95.863668
1482.835918,500,95.944493
1678.395254,475,96.022302
1629.738053,500,96.103491
1141.474623,335,96.526492
1126.648403,314,96.579276
1509.331804,500,96.658904
1239.086785,353,96.717656
734.955868,211,96.751043
948.004031,259,96.794079
769.072909,214,96.828297
868.658529,270,97.255366
1179.036316,340,97.311972
1650.953199,500,97.390477
1142.51447,309,97.441916
1722.008365,495,97.521549
889.234703,255,97.930013
1359.377223,378,97.993336
1592.733888,500,98.075247
1618.114289,500,98.160294
1631.157653,500,98.255294
1599.29404,500,98.704602
1641.102808,500,98.78605
1622.813455,500,98.86465
1738.369066,500,98.945003
842.740639,244,99.35343
1636.332229,500,99.435729
877.909924,249,99.475646
1621.346625,484,99.554479
614.916991,218,99.58963
1628.12179,500,99.68048
1653.800437,500,100.125806
1639.731853,500,100.206385
684.633446,202,100.238002
580.618991,187,100.270037
829.591072,235,100.306945
1651.891452,500,100.748572
995.628947,284,100.796507
1643.047218,500,100.874817
1232.693692,356,100.933733
1492.591119,418,101.001047
1649.82007,500,101.458906
861.517402,247,101.498458
1495.905543,422,101.568195
1261.648098,354,101.623433
1541.898485,500,101.704984
565.367301,182,101.736396
528.894033,179,101.764892
881.095774,252,102.172629
1797.331774,500,102.250951
1463.875362,404,102.317552
1176.160812,325,102.37172
1752.126845,500,102.461034
1706.73569,500,102.911032
601.069197,192,102.94194
934.96782,271,102.984082
759.885746,222,103.021292
1058.145574,304,103.069459
1092.088407,291,103.117582
896.336895,249,103.156849
849.104744,245,103.562433
1638.764649,500,103.643762
1581.299431,500,103.726283
1269.64026,375,103.79693
1554.020396,500,103.879802
1546.389931,500,104.326733
1224.609908,384,104.390117
1538.209434,500,104.472404
1574.642466,500,104.551335
1622.542204,500,105.000942
1326.50253,361,105.056651
1440.845899,397,105.121661
1466.240759,394,105.183589
1001.407818,289,105.245427
1637.006432,500,105.692761
1620.693073,500,105.775506
1684.696854,500,105.856998
940.513747,284,105.901966
1619.394084,500,105.983966
1223.445169,340,106.406358
1703.52567,500,106.488782
1636.322897,500,106.570188
1249.779787,348,106.640436
1648.036947,500,106.722219
915.924179,261,107.133189
1651.171733,500,107.214997
1633.829644,500,107.296934
857.293,248,107.336564
1111.776268,313,107.385485
885.544634,247,107.427154
1624.070315,500,107.873354
1475.359247,421,107.942615
1674.860415,500,108.024291
1058.313221,295,108.070896
1601.749874,500,108.532079
1675.946269,500,108.614468
926.005043,260,108.657802
1167.816496,336,108.710884
1658.775488,500,108.791785
1775.217489,500,109.238482
1641.28041,500,109.321091
1207.129819,335,109.372967
1631.691354,500,109.468722
1242.5769,351,109.526199
1600.422597,500,109.972802
1644.99219,500,110.054104
1557.761185,500,110.136512
1635.035813,500,110.215784
1139.951967,347,110.638547
1657.447106,500,110.720677
1188.012982,359,110.779784
1699.778354,500,110.873547
1549.610107,439,110.942815
1605.812277,500,111.391381
1475.822064,414,111.457198
676.710094,197,111.490112
1569.616706,500,111.569641
1636.39244,500,111.651321
889.744496,254,112.060529
1269.714712,347,112.117761
1690.203036,500,112.197392
1695.661305,500,112.292195
1631.189117,500,112.737821
744.531341,221,112.775415
1005.314866,283,112.820036
892.362291,253,112.862764
1638.375656,500,112.941469
1688.324002,500,113.022935
1671.361807,472,113.483134
1170.782562,318,113.534379
1671.528428,470,113.627438
966.711454,268,113.669958
941.333353,270,113.715175
1003.223667,279,113.758892
955.694534,266,114.17583
1488.348962,415,114.244994
1635.024362,500,114.328685
914.217647,260,114.370896
1636.706104,500,114.453801
1593.784111,500,114.951496
998.880067,288,114.9972
1625.484291,500,115.080033
744.951365,224,115.117233
1719.701412,500,115.19932
997.019294,282,115.246152
1588.718013,500,115.731321
1575.403482,500,116.548542
983.491943,280,116.592942
620.325327,219,116.630902
1616.519059,500,116.71092
1606.520627,500,117.180809
1495.141551,500,117.263861
1193.583767,387,117.325308
1317.258832,368,117.385962
1580.476553,500,117.835075
1221.177796,348,117.89278
1647.366134,500,117.971821
387.258515,144,117.997811
1056.978168,286,118.042979
1677.134248,500,118.133908
689.689241,196,118.168519
1547.136917,500,118.617955
1652.854304,500,118.699953
1578.301199,500,118.781114
1609.893309,500,118.863185
1638.740145,500,119.304052
418.391968,153,119.329072
1624.88611,500,119.410698
1069.49319,290,119.45582
1670.896942,500,119.547649
908.446922,254,119.955717
988.98958,282,120.003524
1503.254539,411,120.068896
1658.957991,500,120.151468
438.033681,153,120.176554
1021.455349,282,120.223277
1253.207718,346,120.277977
683.816659,204,120.679057
1082.699125,300,120.728281
799.817147,228,120.765232
1016.630238,281,120.809609
735.088798,217,120.846261
1377.663805,377,120.915308
1511.60258,435,120.986141
979.954717,279,121.399764
1643.894104,500,121.481438
1644.979857,500,121.560862
1466.64356,402,121.626711
1652.595122,500,122.073218
1221.465028,342,122.12969
1560.8346,500,122.211523
975.045673,277,122.264147
1136.125592,317,122.319537
1596.662467,500,122.78404
761.195284,214,122.818717
1706.15419,500,122.901033
934.660143,258,122.945245
1006.60373,290,122.9911
1715.18487,500,123.072831
859.913951,248,123.11201
1667.131219,500,123.590946
1497.375846,411,123.655825
1646.426186,500,123.738382
1136.552952,316,123.790636
1742.04869,500,124.239544
1625.249822,500,124.322381
1599.731333,500,124.404613
951.751737,277,124.450128
1487.505328,424,124.520851
1045.101811,295,124.959878
1631.404497,500,125.042987
1662.246002,477,125.131169
1648.427765,500,125.251207
1661.066236,500,125.803115
946.291532,264,125.84524
927.903796,259,125.888992
1206.23507,325,125.940454
1694.406877,500,126.024362
1338.48992,371,126.084445
1535.364757,431,126.541855
1227.906731,335,126.594511
1652.176181,459,126.66996
1236.380362,343,126.727398
1026.776465,292,126.773203
1622.250316,442,126.844941
1330.464438,378,127.274091
1079.386357,291,127.319945
1702.424655,500,127.4007
1690.001003,500,127.486588
959.663065,268,127.529511
1112.089205,325,127.964587
1443.520787,405,128.032255
1344.218858,380,128.094664
1569.967212,500,128.174104
1196.87667,319,128.227249
1343.20808,405,128.660524
1554.075016,500,128.742351
1662.405941,500,128.824145
1686.146714,500,128.90389
1526.588461,419,129.354904
1618.68964,500,129.433516
1626.614512,500,129.516183
1690.221607,500,129.598289
1560.307168,500,129.6799
1535.842589,500,130.12884
1482.74001,500,130.211488
814.714808,281,130.256481
1208.336386,343,130.313775
1373.498224,425,130.38197
1668.054371,500,130.849054
1659.665406,500,130.931257
1621.799906,500,131.008666
1266.732647,355,131.067051
1682.504758,500,131.51442
1597.843811,500,131.597249
1656.806197,500,131.679569
1180.946837,335,131.732431
1645.891873,500,132.197182
1647.936073,500,132.278203
1635.365854,500,132.357336
1104.080599,305,132.408111
1569.190761,421,132.473233
1633.793689,500,132.924235
1293.179988,370,132.982483
1739.062788,500,133.063089
1657.247895,500,133.144869
1039.160293,286,133.18955
1040.911086,300,133.620948
974.096681,290,133.66923
705.972547,209,133.702028
1641.061309,500,133.784333
1639.029225,500,133.87033
1635.030571,500,134.33198
1164.435896,313,134.383397
1192.844399,322,134.435694
1633.418385,500,134.518017
1708.09364,500,134.599201
1648.659288,500,135.061241
1246.089968,364,135.120765
1654.095877,500,135.201965
1642.630272,500,135.287508
1682.724287,500,135.372466
1609.965461,459,135.841384
1049.656056,284,135.889424
1207.59713,327,135.940771
987.235682,280,135.987442
706.619718,209,136.034263
1137.561333,311,136.089588
1780.291769,500,136.547726
767.057948,220,136.583793
1001.107809,281,136.633431
1756.435189,500,136.715525
982.620765,271,136.75878
1261.380477,357,136.817126
1307.926318,364,137.241926
715.944193,213,137.275796
960.837807,268,137.318464
696.728867,205,137.365511
1015.026959,287,137.410005
1681.107938,500,137.490958
1691.027979,500,137.937918
1658.15149,448,138.010614
1653.730614,500,138.092187
960.005984,271,138.134275
1662.905394,500,138.215823
1112.548827,297,138.67132
1572.435003,471,138.748808
1634.078215,500,138.830218
1657.772454,500,138.912899
1685.247235,500,139.383913
1590.284372,493,139.465742
1700.782443,500,139.54914
1083.969108,305,139.597641
1621.573432,500,139.678956
1699.508783,500,140.140755
1414.499521,376,140.203226
1124.411957,298,140.250189
1027.361672,285,140.298002
981.938196,274,140.341236
1100.543389,309,140.39223
1690.407633,500,140.841888
981.071451,276,140.885649
1680.127334,500,140.967018
1704.215908,471,141.044054
1241.279912,339,141.098211
688.525659,196,141.517806
1714.12343,500,141.602135
1694.403321,500,141.684247
918.08567,252,141.724295
1083.062469,303,141.775465
1680.951558,500,142.228331
1209.632152,341,142.28599
1658.060178,500,142.36425
1669.250126,500,142.448183
1683.480848,500,142.533474
1241.450223,343,142.980439
1777.585031,500,143.061987
1636.010094,500,143.144587
1672.013005,500,143.229042
995.820626,284,143.274016
1744.406735,500,143.73395
1013.536324,275,143.803473
1690.202267,500,143.893321
1069.632031,295,143.939955
980.03833,267,143.985187
934.203828,259,144.026736
1673.992517,467,144.471855
1589.473555,447,145.262133
1312.516402,373,145.324123
826.394326,244,145.363559
1014.033057,281,145.408223
1672.619599,500,145.861028
1625.870359,500,145.940538
961.487009,294,145.989987
867.760574,244,146.028715
1628.956404,500,146.111125
1583.934574,433,146.565134
1697.642991,500,146.647733
970.115522,281,146.695194
1645.69991,500,146.774216
1268.981392,349,146.832522
910.941986,266,147.245367
1722.511848,500,147.32808
901.259462,251,147.368194
1108.548826,297,147.415297
1789.824146,500,147.496771
1670.623682,500,147.96234
1349.654895,374,148.021531
1625.348724,500,148.104465
1705.177848,500,148.185273
1480.612161,403,148.248098
1700.697802,469,148.695051
1701.636448,500,148.774715
1706.406508,500,148.857685
1663.833167,500,148.940394
1669.052341,500,149.405383
1660.93181,500,149.488268
1648.724215,500,149.570191
1690.139503,500,149.652829
1339.241244,368,149.710853
984.016026,269,150.12202
1704.604319,500,150.203677
1590.825225,443,150.276175
1346.805783,369,150.334666
1621.673808,500,150.803813
1003.264155,281,150.847828
1656.12654,500,150.928308
1374.53045,373,150.988279
1241.311015,345,151.042548
1113.353028,298,151.091254
1494.062977,412,151.526428
1667.758922,500,151.605559
1623.835907,500,151.687959
1215.930277,341,151.745069
1693.659564,500,151.825292
1614.052384,500,152.289911
1118.878203,308,152.338472
1057.860195,293,152.387282
1612.085292,500,152.470206
1657.285322,500,152.917959
1627.313022,500,153.00104
1623.916209,500,153.085293
852.28944,229,153.123285
948.45072,264,153.164802
1695.805264,500,153.247262
1016.750021,279,153.680118
877.344922,283,153.727647
1145.205133,300,153.774336
751.818725,215,153.807589
1388.535396,370,153.868489
1617.334984,500,153.950452
1779.827841,500,154.39911
1029.244205,288,154.446887
1346.464795,355,154.503033
1091.478285,301,154.553166
1641.941629,500,154.631755
1630.937168,500,155.103509
1679.53474,500,155.186343
1676.115983,500,155.266806
998.097857,272,155.311781
1668.582969,500,155.39332
684.186648,207,155.794831
687.446844,207,155.831617
1559.911564,438,155.902097
1604.229685,500,155.987378
940.001839,258,156.032353
1694.455659,500,156.572981
693.57287,206,156.607442
1169.464824,317,156.663293
935.843489,274,156.709114
1710.296985,500,156.793477
1572.717981,427,156.860104
760.669926,222,156.898036
967.468453,271,157.314142
960.937942,271,157.356413
1009.786537,283,157.405166
1102.324482,299,157.454229
1737.086603,500,157.538602
1341.671917,382,157.624228
1709.671221,500,158.081494
1064.147058,294,158.127793
880.445305,256,158.171394
1584.501558,500,158.254041
1290.333433,371,158.31195
1374.87783,399,158.756741
1189.46165,318,158.811072
1659.07267,500,158.906007
1646.479986,500,158.987662
540.024619,191,159.018502
1301.262337,361,159.074692
1450.981207,391,159.5512
1429.134902,395,159.621148
1764.047816,500,159.700878
1303.80679,344,159.758259
1724.150917,500,160.209076
1614.638186,500,160.290994
1604.207035,500,160.37404
1709.085572,500,160.464834
1680.145597,500,160.94345
1698.367316,500,161.026392
1251.200013,339,161.082814
1565.548459,500,161.162386
1711.906316,500,161.244173
960.607646,271,161.659461
1823.396592,499,161.756844
1565.782516,437,161.828889
1040.339485,289,161.873892
1623.531781,500,161.955763
709.89273,210,161.988611
1716.206061,500,162.447616
994.070995,266,162.489661
1281.090758,360,162.54626
1737.18186,500,162.627324
1702.368472,500,163.085079
1635.902802,500,163.178026
1685.920546,500,163.26063
1505.399646,408,163.327985
1617.003128,500,163.41275
1060.612555,310,163.839795
1510.753295,434,163.908231
1703.089811,500,163.989773
1267.540713,355,164.050506
1634.969173,500,164.132373
1669.594353,500,164.59459
1814.337192,500,164.675849
1656.078544,500,164.757883
1647.17386,500,164.836827
1633.008705,500,165.313943
1645.965322,465,165.391336
1683.737333,500,165.469436
1701.782546,500,165.55119
1633.022596,500,166.019096
1200.812888,327,166.072256
1256.148732,318,166.125497
911.261639,263,166.167917
1130.24406,316,166.219297
1728.595206,500,166.682674
1488.730198,400,166.748307
1667.195125,500,166.828634
1222.53909,330,166.883669
1794.766135,484,166.962664
1677.341024,500,167.415856
1770.473857,500,167.510072
1020.859576,283,167.554728
1731.430457,500,167.636021
1609.660871,500,167.718735
1039.807281,291,168.135411
1546.081979,454,168.20739
1637.512518,500,168.290004
1635.97738,500,168.372261
1002.596116,279,168.41669
1049.693867,289,168.854523
1623.72153,500,168.934478
1732.784161,500,169.017514
1727.241248,500,169.100376
1669.212557,500,169.553327
1665.025109,500,169.636692
1225.801158,322,169.692678
1766.755449,500,169.772609
683.808172,205,169.809675
1023.831971,269,169.851783
1651.392716,500,170.331513
1517.53453,400,170.39458
1701.28343,500,170.477941
1660.330958,500,170.560507
1717.625559,500,171.012133
1854.668014,500,171.094096
1400.524381,388,171.15952
1662.158384,500,171.238667
898.105006,239,171.279137
1662.939301,500,171.746781
1149.06745,312,171.798195
1721.786266,500,171.878348
1824.07069,500,171.95728
1374.839424,368,172.018278
1672.099986,500,172.466888
1748.560645,500,172.548632
1630.531166,500,172.63049
1695.350424,500,172.709649
817.262973,229,173.155582
1704.047587,500,173.23535
1682.977892,500,173.999664
765.3322,218,174.03524
1840.836257,500,174.127841
1739.273126,500,174.57958
1677.699257,500,174.662615
1710.405649,500,174.745215
1740.597316,500,174.824519
1586.969444,415,175.314682
1661.658465,500,175.396487
1672.776551,500,175.494054
1751.530078,500,175.57576
1636.479238,500,176.024482
1231.782469,340,176.078599
1681.68078,500,176.160958
1560.125716,439,176.241334
1658.008567,500,176.324025
1666.199345,500,176.780585
699.75556,205,176.812991
1756.068087,500,176.907723
1759.086099,500,176.988658
1530.891832,408,177.056356
1737.314609,500,177.507639
1300.348169,354,177.563741
1655.641446,500,177.646183
1063.981412,313,177.698757
1648.980802,500,178.158938
1802.631734,500,178.243085
947.520827,262,178.285196
1253.263102,333,178.354723
1327.389868,341,178.408097
963.616634,279,178.455457
1736.045966,470,178.931101
1428.986143,382,178.993749
1781.529315,500,179.075602
1620.960546,500,179.154568
1791.987886,494,179.237673
990.296529,277,179.675704
1128.944659,312,179.740882
1739.39906,500,179.823067
1532.505915,417,179.889739
1488.717331,407,179.957364
1268.881178,335,180.38069
1127.839218,293,180.429987
1672.449362,436,180.498474
1688.635803,500,180.580698
1801.059905,500,180.662631
1668.594581,463,181.112719
1838.405884,500,181.209352
1701.129459,500,181.291861
1654.69515,500,181.371262
1319.940784,361,181.80571
1512.316785,416,181.872211
1183.399202,325,181.92653
917.536801,269,181.96946
990.052591,281,182.016088
1644.91371,500,182.095147
1126.638517,309,182.552411
1740.43233,500,182.63136
1649.941173,500,182.713116
1390.052329,371,182.774574
1621.863101,500,183.222722
1091.540207,290,183.27103
1242.844858,336,183.324547
1710.81871,500,183.406631
1454.768011,396,183.469327
1750.108142,500,183.551575
1226.016416,331,183.996372
1745.53486,500,184.078049
1093.204836,314,184.130215
1713.019175,500,184.209748
1447.216635,390,184.274322
1797.453152,500,184.724604
1722.639539,500,184.806935
1619.07066,500,184.889204
1060.83879,286,184.934699
1545.10243,439,185.390499
1717.512711,500,185.469436
1667.449952,500,185.551605
1764.380968,500,185.634812
1378.419152,370,185.695772
1023.76629,275,186.109644
1074.540147,288,186.154884
1477.696587,415,186.22276
1763.722215,500,186.301903
1209.477866,330,186.356055
1511.094629,434,186.807149
1688.168643,500,186.889038
1686.104898,500,186.970796
1683.439285,447,187.040587
1815.806037,492,187.489912
1795.732278,500,187.569976
1721.219017,500,187.652965
994.716079,280,187.699721
1791.7408,500,187.778545
1566.392051,434,188.235269
1590.834076,441,188.305241
1545.001704,419,188.374366
1534.748627,425,188.443991
1097.438604,295,188.49004
334.889064,132,188.511252
1634.123093,500,188.964115
1025.135112,283,189.009042
1646.4625,500,189.090367
1856.312533,497,189.171445
1649.4605,437,189.626873
1767.171742,500,189.709091
1762.006093,459,189.78178
1701.912776,500,189.863196
1712.214685,500,189.944336
1641.018456,458,190.387457
1722.534803,500,190.468412
1734.825887,500,190.549443
715.47748,227,190.585611
1521.592142,409,191.031069
1734.350585,500,191.11213
1623.35712,452,191.185598
1668.839044,500,191.266519
1257.51204,338,191.3198
1151.949353,307,191.735916
973.182799,265,191.777287
998.618938,273,191.823382
898.36819,283,191.867538
996.653477,278,191.913811
889.388216,252,191.953868
1721.588467,500,192.034885
1706.240857,500,192.498171
1024.392213,276,192.544501
1845.784699,500,192.6237
1007.771754,278,192.670613
1773.737908,500,192.752188
1776.821937,500,193.198415
1421.513511,389,193.261572
1650.798202,449,193.335205
1003.264706,265,193.379516
1611.17808,428,193.44704
1007.413646,279,193.885291
1704.677336,500,193.966537
1547.485127,416,194.034371
1079.543137,295,194.081048
1686.023387,500,194.161975
1378.835822,380,194.589978
1641.370389,500,194.672392
1004.730649,276,194.715622
1360.253832,360,194.774394
897.732273,245,194.812977
1277.967905,338,194.867982
1397.152394,383,195.314363
1762.21128,500,195.395927
1704.606176,500,195.477526
740.103894,216,195.511612
1447.565527,407,195.576771
1676.264932,500,196.025479
1586.198791,426,196.092538
1269.79084,333,196.146717
1781.749649,500,196.227007
1685.529127,500,196.690491
680.185682,193,196.720501
1783.095199,500,196.801466
1211.745031,332,196.855622
872.083782,245,196.894607
1687.600597,500,196.976164
700.189182,197,197.006744
1408.138903,373,197.430784
1472.85342,399,197.495117
846.341587,233,197.532354
1010.24763,286,197.577175
700.710274,202,197.611742
1684.396614,500,197.690563
1607.319305,500,198.20608
1736.763997,500,198.290847
1691.822613,500,198.375525
877.509196,244,198.415004
1783.3155,475,198.872768
842.995223,237,198.910932
1079.009747,287,198.956201
1683.877975,500,199.037719
1673.122197,500,199.120218
848.259403,237,199.157984
1723.983828,470,199.617359
1691.53325,500,199.696748
1012.627305,283,199.743626
1741.367792,500,199.824589
1646.506115,500,199.903848
1736.127333,500,200.357179
1088.12159,290,200.402908
1325.794274,353,200.460854
637.420571,214,200.494619
1726.981931,500,200.577297
1053.051963,291,201.010394
1676.002887,500,201.092608
808.43569,235,201.131061
1649.794332,500,201.211873
1696.667024,500,201.294193
1694.318575,500,201.748602
1761.705409,500,201.832538
1059.572892,281,202.614052
1757.635766,500,202.701477
803.065915,261,202.744439
1483.194019,398,203.237414
835.50884,230,203.276792
1800.734734,500,203.357113
1003.509172,269,203.403262
760.2962,219,203.438197
1409.847951,430,203.510273
1125.760013,304,203.938535
796.270466,214,203.973416
1645.409072,455,204.049015
1145.288825,306,204.097566
1724.479944,500,204.179184
1634.497479,500,204.261095
1742.612146,500,204.747928
1103.989593,297,204.795682
1859.712555,500,204.878436
1046.377352,281,204.923129
1686.877912,500,205.392365
1662.216603,500,205.473239
1576.96975,423,205.542668
1775.610207,500,205.625023
1538.724358,434,205.694164
1702.533454,500,206.168372
703.225422,204,206.200529
1386.079235,372,206.271329
907.571109,246,206.314854
1678.695226,500,206.40326
1646.859503,500,206.865644
1714.901318,500,206.944592
888.651745,244,206.988055
1461.447356,385,207.049305
1751.362472,500,207.13284
1674.532678,500,207.601261
1008.134566,270,207.643994
698.225155,199,207.676112
1434.368898,382,207.739013
932.893958,258,207.780127
1554.241959,425,207.849373
1146.204904,329,208.273369
835.589296,232,208.31136
1764.814485,500,208.393427
1360.798124,402,208.461246
1727.030467,500,208.55316
1797.14258,500,209.00458
1096.308675,292,209.051429
1658.704494,500,209.132796
1224.181597,333,209.187973
908.183662,244,209.227003
1385.843432,360,209.285848
1346.65826,345,209.725673
1743.427677,500,209.807687
1668.726217,500,209.901301
1609.55053,500,209.9834
1644.174779,500,210.444972
995.154503,261,210.486802
1675.946521,500,210.569544
1763.315175,500,210.651816
1153.010424,349,210.707517
1658.444026,500,211.158813
1684.905684,500,211.24147
1651.86476,500,211.336659
1592.198579,459,211.412387
1654.230474,500,211.863097
1629.666549,500,211.946005
1379.427397,367,212.003811
1641.514903,500,212.087058
1072.247245,289,212.13617
1245.16472,341,212.190433
1804.68273,500,212.655596
1590.317164,424,212.736473
1201.675237,336,212.792775
1670.460072,500,212.874703
1307.018602,350,213.30187
1644.09478,500,213.381329
1747.779705,500,213.464612
1091.398691,295,213.513709
1666.294143,420,213.580206
1464.305919,404,214.040065
1093.822834,296,214.087979
1821.619403,500,214.187465
1588.423351,423,214.260834
931.006775,258,214.30431
914.990976,258,214.351067
1173.427362,322,214.829373
1002.711388,279,214.877453
1765.267799,465,214.950452
1736.303437,500,215.03556
887.394111,247,215.077717
1051.917771,289,215.124688
741.318321,212,215.556421
1638.457874,500,215.643948
1680.878912,500,215.727838
756.824707,212,215.763058
1223.072084,312,215.81578
1340.920396,365,215.874746
1656.275082,500,216.37821
1333.741806,392,216.442246
1745.533784,500,216.527163
1760.703601,500,216.614958
1367.396499,342,217.097601
1738.865495,500,217.179565
1760.287948,500,217.266533
1668.069738,500,217.349863
1317.202927,356,217.410378
1096.463137,286,217.86053
1643.801789,500,217.945037
1740.481432,500,218.026262
1791.90927,500,218.111781
1092.589774,294,218.164391
1532.955301,417,218.669104
1803.308594,500,218.749996
1602.349424,455,218.828772
1027.021711,275,218.87304
1659.602136,500,219.35053
1721.322253,500,219.433199
1866.832255,499,219.513347
794.361659,223,219.548251
1750.639222,500,219.629066
1140.169501,307,220.062213
1501.356864,429,220.130362
1493.361821,409,220.197642
1807.319796,500,220.27803
980.835664,267,220.320671
1809.737199,500,220.771867
1480.027701,403,220.836119
1728.369594,500,220.917306
1831.56401,500,221.002897
1453.557738,380,221.063861
1232.829426,328,221.531021
1194.931976,325,221.582733
1078.914884,301,221.632866
1901.920827,500,221.710549
1719.63862,500,221.792144
1778.57383,472,222.257755
1802.846473,500,222.336462
1298.939259,358,222.395471
1024.864538,271,222.437902
1711.773449,500,222.518973
1347.050168,349,222.96081
1662.513199,432,223.031685
1089.032288,294,223.080566
1696.820116,500,223.1598
1490.066981,413,223.227674
1329.688882,358,223.65036
1306.834091,360,223.710063
1653.338029,500,223.789377
1744.519036,459,223.864251
1400.647021,368,223.924454
1695.734325,500,224.386437
1007.67442,297,224.434182
1718.391947,500,224.514686
654.01183,221,224.552449
1651.852597,500,224.630535
1685.8795,500,225.079349
1731.376057,500,225.157853
1639.647206,500,225.239569
1140.548667,305,225.290078
1345.322439,373,225.348742
1093.827177,292,225.777021
1776.464245,500,225.858013
1865.292605,500,225.939697
1102.393273,305,225.987854
1443.940515,369,226.047378
1772.806407,500,226.495515
1606.236804,430,226.565707
1734.288195,500,226.647155
1727.045377,500,226.726882
1778.499628,500,227.189852
1182.955365,323,227.241495
1737.584967,500,227.323021
1663.817064,500,227.404425
1025.614489,272,227.446829
1745.752449,500,227.894473
1442.679294,396,227.960231
1026.501918,274,228.003011
1712.439268,500,228.084437
1199.145585,334,228.140171
1798.526034,500,228.623321
1811.148472,500,228.712085
786.297474,222,228.753843
1142.533853,308,228.807331
1659.921323,500,228.899107
1324.933518,356,228.960834
786.386312,220,229.362414
1348.567268,351,229.42179
1455.390404,365,229.482125
1668.055208,500,229.56199
1691.55825,500,229.643768
1649.521923,500,230.11342
1694.796682,500,230.192502
1172.5411,321,230.246728
1773.23481,500,230.329145
1873.877145,480,230.779517
1316.838759,364,230.836783
1686.749813,500,230.919185
1682.566494,500,231.527911
1708.101181,500,231.610441
1747.958384,500,232.060159
948.883783,265,232.104102
922.624441,251,232.14447
1598.341767,500,232.22684
1766.444487,500,232.308119
1668.175134,500,232.774601
1696.748021,500,232.857036
1137.717886,298,232.904677
1070.744561,289,232.953039
1664.348524,500,233.032442
1073.109788,293,233.449807
1624.240565,456,233.525114
1432.556206,375,233.586902
1670.14746,500,233.666402
1643.59067,500,233.7481
1612.198094,500,234.219336
1013.422058,269,234.26183
1597.308772,411,234.329587
1457.640846,367,234.387326
1692.42836,500,234.469367
1459.105496,394,234.904311
1762.022105,500,234.987148
1866.272477,500,235.070085
1679.80729,500,235.151517
1813.707898,500,235.619371
1620.667189,500,235.702295
1811.170719,500,235.78074
1215.078764,330,235.835333
1618.366637,463,236.280326
1650.909969,500,236.363638
371.569466,136,236.385462
1727.051932,500,236.468307
1752.201474,500,236.55072
1773.579098,500,237.015338
1709.232707,500,237.098368
1581.279586,407,237.165717
710.019257,201,237.197574
678.54507,197,237.228532
1702.172841,500,237.310621
1195.391613,307,237.731792
1012.014718,271,237.776912
1303.531985,350,237.833372
1651.289779,500,237.915323
1719.484372,500,237.997737
1685.789309,500,238.466882
1300.952098,346,238.525398
1355.184751,372,238.584469
884.767575,238,238.625545
1332.603115,342,238.680213
1658.683969,500,239.12959
1688.365106,500,239.212732
896.308094,248,239.258758
1863.431634,479,239.334576
1002.743767,264,239.379617
1695.176479,500,239.461487
1786.915738,500,239.928557
1763.999888,500,240.010719
1264.118403,321,240.061673
1454.237949,392,240.126642
1569.133923,421,240.563969
1661.721332,500,240.646066
1287.142542,343,240.700754
1717.239387,500,240.781803
1294.023914,361,240.842025
1764.983359,500,241.308881
929.393852,259,241.352717
911.83781,253,241.392885
1574.587406,418,241.461474
1737.488859,500,241.540853
932.344252,258,241.584804
1678.58614,500,242.035014
1672.803891,500,242.117293
951.074275,261,242.159316
1708.790467,500,242.241684
1237.91257,349,242.299758
1478.873076,435,242.761787
1755.526531,500,242.847747
1637.909797,500,242.932548
1021.74916,276,242.976985
1736.899825,500,243.430433
1062.584382,290,243.479762
1116.550644,297,243.527414
1110.074633,317,243.581009
1664.755889,460,243.6542
1175.854964,328,243.726046
1004.539844,265,244.139751
1692.588038,500,244.222387
1670.107051,500,244.304298
941.654133,263,244.34627
1422.615831,381,244.409694
1693.348787,500,244.859333
1726.16503,500,244.942445
1685.419522,500,245.021313
1822.267051,500,245.103033
1652.745609,500,245.569202
1687.682676,500,245.648388
1821.45815,500,245.730166
1685.915937,500,245.811951
810.476246,231,245.848814
1686.311365,500,246.301085
1779.495107,500,246.381405
1068.820712,281,246.436629
1723.926207,500,246.52394
1326.640288,372,246.582663
1904.303673,500,247.058678
1137.958643,311,247.110601
1519.403448,433,247.18603
1384.705884,368,247.250651
1730.893085,500,247.335633
1761.514898,500,247.830022
1145.514989,358,247.890185
1707.236157,466,247.966437
944.920684,266,248.007968
1684.476474,500,248.090177
1783.921371,500,248.539857
1037.932623,278,248.584318
1364.144235,350,248.64201
931.696659,255,248.682442
997.676459,268,248.727738
1020.855707,285,248.772815
1864.177813,500,249.283206
1634.609485,430,249.356512
1046.759407,273,249.401546
1660.477424,500,249.487753
1748.712845,500,249.574137
1817.994961,500,250.030097
1676.182595,435,250.10476
1736.140666,500,250.188518
1783.564498,500,250.269268
797.851958,230,250.696057
1091.521333,281,250.743354
987.450976,257,250.787021
1618.011788,500,250.873724
1167.861857,315,250.927985
1088.467683,297,250.976862
995.174703,275,251.025462
1314.843181,344,251.452153
1638.708866,500,251.53446
1072.198341,284,251.579093
981.56515,269,251.6214
1726.130508,500,251.703432
1245.687621,339,252.171216
1471.429768,396,252.235015
1660.930972,500,252.317611
846.543012,229,252.354645
1615.234981,500,252.437582
652.631868,223,252.473673
1754.213297,500,252.929352
1864.609049,500,253.011815
1659.759185,500,253.090682
805.255554,219,253.127916
1108.504674,300,253.175046
1080.566778,299,253.608076
1100.025047,292,253.656446
1245.282123,320,253.706935
1060.632188,273,253.752268
1647.457208,500,253.831308
1746.164573,500,254.294715
955.984152,261,254.336233
1571.503124,436,254.407381
1799.869736,500,254.488014
1764.562046,500,254.56701
978.147751,253,254.610445
1061.733946,295,255.043741
1661.011727,500,255.124829
1623.083059,500,255.20255
1673.218558,500,255.285179
1823.459645,500,255.735404
1246.190939,325,255.789769
1734.001304,500,255.870887
1606.501317,500,255.953064
1698.023445,500,256.401529
1835.436942,500,256.494738
1540.570276,413,256.560032
1793.550328,500,256.642039
1530.136144,427,256.711875
1752.630785,500,257.161714
1156.684254,309,257.213759
1408.714966,380,257.273919
993.52153,266,257.318287
885.465835,238,257.355982
1825.02198,500,257.436917
1671.797108,500,257.903629
1619.787476,500,257.986436
1648.124524,500,258.068054
1648.797269,500,258.147248
1362.600425,366,258.580024
1649.534616,500,258.668465
1650.420635,500,258.75407
1680.174719,500,258.836178
1743.496852,500,259.300151
923.804005,255,259.344175
1242.897182,323,259.395096
993.363259,270,259.440231
1160.882333,301,259.950557
1125.205913,306,260.000481
1033.966838,267,260.042704
1823.650378,500,260.512402
1667.732291,448,260.586704
1668.691546,500,260.666112
751.079723,231,260.705812
1071.225751,274,260.749363
1682.45034,500,261.235931
968.878874,263,261.277782
1725.438425,476,261.356522
1843.364334,500,261.43821
999.874961,313,261.488272
1681.122251,500,261.939843
842.743898,232,261.99017
1839.373587,500,262.072825
913.979738,253,262.113342
766.509093,214,262.146903
688.114974,204,262.181831
1718.550149,500,262.640213
1084.926642,286,262.688747
1710.62817,441,262.758526
1446.396025,360,262.818252
373.420592,139,262.840795
1558.876093,440,262.913193
1343.793066,357,263.340388
1534.234403,397,263.417577
1565.619871,417,263.487175
1644.341772,450,263.560961
1707.365865,462,263.636293
1749.788756,500,264.087778
1771.400642,500,264.169381
737.873342,211,264.2029
991.189431,257,264.243568
1621.931248,429,264.316564
1095.284459,282,264.364578
1585.929263,410,264.830484
1210.645256,331,264.884806
1634.549364,441,264.965779
1093.796965,283,265.017812
1424.633422,364,265.080044
1695.17438,500,265.572858
1089.914685,292,265.620617
1730.142835,500,265.703278
1684.508363,500,265.786338
1064.23083,303,265.836988
1044.347305,273,266.268981
1845.0063,500,266.34773
1066.39657,274,266.393721
1646.898409,500,266.475805
872.24774,233,266.513452
1805.795227,472,266.590042
1798.701189,500,267.082795
1382.529171,403,267.153914
1329.890644,336,267.212007
999.826916,274,267.257277
1283.56534,342,267.314722
926.379813,245,267.744565
1461.563791,379,267.805238
1675.957509,458,267.881282
1691.668384,500,267.963303
1699.46565,500,268.044064
1647.95371,500,268.562544
1310.565805,338,268.619835
1615.160996,450,268.694199
1009.125434,266,268.736648
956.255362,256,268.777171
1567.723334,431,269.224647
1703.372704,463,269.304712
896.03528,243,269.353851
1240.191117,317,269.427113
1802.849793,500,269.507533
1756.660856,500,269.593632
1264.426623,344,270.043864
1742.822567,500,270.127145
1069.721256,273,270.173959
1733.388316,500,270.253751
1868.222025,499,270.714613
1052.04656,279,270.774068
989.168081,264,270.819027
1663.082802,444,270.893171
1312.294648,338,270.956783
1403.21039,371,271.03764
957.196517,254,271.125909
1115.771937,288,271.611492
1777.320411,468,271.688397
1547.301173,427,271.759947
905.096363,250,271.800441
1772.308692,500,271.886136
1611.794129,500,272.350861
1650.126205,500,272.452631
1874.683915,500,272.53493
1747.187724,472,272.611083
1807.470048,500,273.072927
1414.361135,372,273.134675
800.027921,223,273.170563
1773.447865,500,273.254441
1486.467148,406,273.321805
1753.521398,464,273.77319
1398.035925,360,273.830985
773.200618,221,273.869967
1127.740411,302,273.933587
1830.496732,500,274.015729
1757.789902,500,274.478531
1276.714909,330,274.531865
1832.037535,500,274.619381
1702.65753,500,274.702314
1778.621526,500,274.782039
804.866614,214,275.192727
1305.286387,355,275.253688
1693.191039,500,275.352704
1462.507452,385,275.41391
1700.146983,500,275.497055
1666.763699,500,276.010098
1055.235694,281,276.062773
1677.704539,500,276.147301
1010.158882,277,276.200549
1727.071561,500,276.288569
1679.221948,457,276.765183
1839.070276,500,276.846635
1776.811194,500,276.930794
929.429767,246,276.969598
1206.564039,311,277.022489
997.107084,259,277.06315
1732.727353,461,277.542469
1708.941736,500,277.623351
1796.386749,500,277.705837
1704.827566,500,277.787937
1675.642917,500,278.300694
1082.691309,290,278.346494
1071.594821,291,278.398305
769.55743,218,278.433177
1063.284792,271,278.478932
1737.870529,500,278.559658
1629.626141,500,279.033835
1114.860206,315,279.084572
904.087286,254,279.129381
1828.926062,500,279.225648
1378.739497,366,279.309925
1751.972869,500,279.814424
1869.815839,500,279.903671
1672.172823,444,279.977265
1818.405804,500,280.060994
1608.587889,500,280.530931
1144.054135,300,280.581243
1048.656047,286,280.626642
1871.108392,500,280.70869
1722.440179,500,280.792056
1842.294778,500,281.248556
1722.622318,500,281.331127
1547.474834,399,281.393855
1685.256101,500,281.475375
1823.308353,472,281.942454
1643.345274,500,282.021905
1788.371785,500,282.103776
1812.273769,478,282.182232
676.977013,194,282.214584
1181.967366,308,282.266202
1441.109225,385,282.710335
1668.084629,500,282.792273
1053.554919,287,282.837361
1817.000431,500,282.919161
1685.053889,441,283.379829
1680.058752,500,283.462923
1782.599826,500,283.545437
1731.849375,447,283.618974
1231.294735,328,283.671142
1692.295665,500,284.125671
1714.578798,500,284.20748
1323.373617,360,284.26663
1700.033026,500,284.350247
1408.806634,380,284.412412
954.797527,256,284.862525
896.419862,246,284.908601
1790.258673,500,285.007424
945.680058,257,285.059962
1001.199604,269,285.107107
1242.908371,326,285.15937
1174.032804,299,285.624785
1712.797255,500,285.705009
1792.376492,500,285.788075
1311.523876,359,285.849058
1240.619937,325,285.900855
1072.105326,294,285.949864
1342.573904,352,286.398157
981.053535,262,286.439195
1188.728802,331,286.493974
1709.39158,500,286.576818
1693.038482,500,286.656097
1765.457676,500,287.116447
1713.193089,500,287.195997
1799.674298,500,287.277863
1345.605259,376,287.356246
1655.489213,500,287.811148
1640.591254,500,287.893006
1730.810825,500,287.974789
1663.029617,425,288.041784
1744.193006,500,288.497247
1753.463541,500,288.576121
1367.04458,337,288.63194
1771.130751,500,289.31966
1658.920901,417,289.388278
